<?xml version = '1.0' encoding = 'UTF-8'?>
<Relation class="oracle.dbtools.crest.model.design.logical.Relation" name="clinic_training" directorySegmentName="seg_0" id="6CB5D565-A89A-EE1E-722E-6866A3ABBEF6">
<createdBy>kashi</createdBy>
<createdTime>2023-09-10 01:32:18 UTC</createdTime>
<ownerDesignName>pf_oraclemodel</ownerDesignName>
<engineerTo>
<item key="A4C9562F-8456-6F79-1CC3-94D2FABBEDDF" value="true"/>
</engineerTo>
<sourcePk>9191A12E-6C15-BA75-2D4E-93900F021953</sourcePk>
<identifying>false</identifying>
<nameOnSource>has</nameOnSource>
<nameOnTarget> </nameOnTarget>
<optionalSource>true</optionalSource>
<optionalTarget>false</optionalTarget>
<sourceCardinality>1</sourceCardinality>
<sourceEntity>CE541895-8381-09D4-F6CB-CE3011FC3C23</sourceEntity>
<targetCardinalityString>*</targetCardinalityString>
<targetEntity>8863BB9F-4F16-2D72-274D-B101DBE19901</targetEntity>
<transferable>true</transferable>
<deleteRule>NO ACTION</deleteRule>
</Relation>
