<?xml version = '1.0' encoding = 'UTF-8'?>
<Relation class="oracle.dbtools.crest.model.design.logical.Relation" name="vet_clinic" directorySegmentName="seg_0" id="727A3C40-2457-F2D0-07C7-B16611EB4B1B">
<createdBy>kashi</createdBy>
<createdTime>2023-09-12 07:07:14 UTC</createdTime>
<ownerDesignName>pf_oraclemodel</ownerDesignName>
<engineerTo>
<item key="A4C9562F-8456-6F79-1CC3-94D2FABBEDDF" value="true"/>
</engineerTo>
<sourcePk>3D440380-8E31-9845-3A57-F021A39F1C90</sourcePk>
<identifying>false</identifying>
<nameOnSource>heads</nameOnSource>
<nameOnTarget> </nameOnTarget>
<optionalSource>true</optionalSource>
<optionalTarget>false</optionalTarget>
<sourceCardinality>1</sourceCardinality>
<sourceEntity>A8B9D82E-4CE4-F9F9-D48D-D88A4D0CADFF</sourceEntity>
<targetCardinalityString>1</targetCardinalityString>
<targetEntity>CE541895-8381-09D4-F6CB-CE3011FC3C23</targetEntity>
<transferable>true</transferable>
<deleteRule>NO ACTION</deleteRule>
</Relation>
