<?xml version = '1.0' encoding = 'UTF-8'?>
<Relation class="oracle.dbtools.crest.model.design.logical.Relation" name="vet_visit" directorySegmentName="seg_0" id="7BFADC04-5158-7987-89E2-69067B0A5513">
<createdBy>Admin</createdBy>
<createdTime>2023-09-11 02:32:59 UTC</createdTime>
<ownerDesignName>pf_oraclemodel</ownerDesignName>
<engineerTo>
<item key="A4C9562F-8456-6F79-1CC3-94D2FABBEDDF" value="true"/>
</engineerTo>
<sourcePk>3D440380-8E31-9845-3A57-F021A39F1C90</sourcePk>
<identifying>false</identifying>
<nameOnSource>heads</nameOnSource>
<nameOnTarget> </nameOnTarget>
<optionalSource>true</optionalSource>
<optionalTarget>false</optionalTarget>
<sourceCardinality>1</sourceCardinality>
<sourceEntity>A8B9D82E-4CE4-F9F9-D48D-D88A4D0CADFF</sourceEntity>
<targetCardinalityString>*</targetCardinalityString>
<targetEntity>D4857281-CEFC-3A0E-6B13-C6D2DDD12A80</targetEntity>
<transferable>true</transferable>
<deleteRule>NO ACTION</deleteRule>
</Relation>
