<?xml version = '1.0' encoding = 'UTF-8'?>
<Relation class="oracle.dbtools.crest.model.design.logical.Relation" name="clinic_visit" directorySegmentName="seg_0" id="846E7C98-D162-2D59-12DE-7C15781F07A9">
<createdBy>Admin</createdBy>
<createdTime>2023-09-11 02:29:20 UTC</createdTime>
<ownerDesignName>pf_oraclemodel</ownerDesignName>
<engineerTo>
<item key="A4C9562F-8456-6F79-1CC3-94D2FABBEDDF" value="true"/>
</engineerTo>
<sourcePk>9191A12E-6C15-BA75-2D4E-93900F021953</sourcePk>
<identifying>false</identifying>
<nameOnSource>has</nameOnSource>
<nameOnTarget> </nameOnTarget>
<optionalSource>true</optionalSource>
<optionalTarget>false</optionalTarget>
<sourceCardinality>1</sourceCardinality>
<sourceEntity>CE541895-8381-09D4-F6CB-CE3011FC3C23</sourceEntity>
<targetCardinalityString>*</targetCardinalityString>
<targetEntity>D4857281-CEFC-3A0E-6B13-C6D2DDD12A80</targetEntity>
<transferable>true</transferable>
<deleteRule>NO ACTION</deleteRule>
</Relation>
