<?xml version = '1.0' encoding = 'UTF-8'?>
<Entity class="oracle.dbtools.crest.model.design.logical.Entity" directorySegmentName="seg_0" id="299AE849-28A9-2C80-6B41-51C141410100" name="DRUG">
<createdBy>sothisiswhyy</createdBy>
<createdTime>2023-09-10 06:40:37 UTC</createdTime>
<ownerDesignName>pf_oraclemodel</ownerDesignName>
<engineerTo>
<item key="A4C9562F-8456-6F79-1CC3-94D2FABBEDDF" value="true"/>
</engineerTo>
<adequatelyNormalized>NO</adequatelyNormalized>
<expectedVolumes>0</expectedVolumes>
<fwdEngineeringStrategyName>Single Table</fwdEngineeringStrategyName>
<growthPercent>0</growthPercent>
<growthType>Year</growthType>
<maxVolumes>9999999</maxVolumes>
<minVolumes>0</minVolumes>
<normalForm>Third</normalForm>
<attributes itemClass="oracle.dbtools.crest.model.design.logical.Attribute">
<Attribute name="drug_id" id="23A4DFA8-8C17-03A7-4484-43C723BB5846">
<createdBy>sothisiswhyy</createdBy>
<createdTime>2023-09-10 06:40:37 UTC</createdTime>
<commentInRDBMS><![CDATA[drug id]]></commentInRDBMS>
<ownerDesignName>pf_oraclemodel</ownerDesignName>
<importedID>CE10F3B2-32CA-7E76-0BFB-F12BD45C2B52</importedID>
<engineerTo>
<item key="A4C9562F-8456-6F79-1CC3-94D2FABBEDDF" value="true"/>
</engineerTo>
<useDomainConstraints>false</useDomainConstraints>
<use>1</use>
<logicalDatatype>LOGDT019</logicalDatatype>
<dataTypePrecision>3</dataTypePrecision>
<ownDataTypeParameters>,3,</ownDataTypeParameters>
</Attribute>
<Attribute name="drug_name" id="115BA039-FA03-036D-A9BC-2AE95BE21D13">
<createdBy>sothisiswhyy</createdBy>
<createdTime>2023-09-10 06:40:37 UTC</createdTime>
<commentInRDBMS><![CDATA[drug name]]></commentInRDBMS>
<ownerDesignName>pf_oraclemodel</ownerDesignName>
<importedID>EA3E04C6-2D43-E116-2939-3F5A9D2B1686</importedID>
<engineerTo>
<item key="A4C9562F-8456-6F79-1CC3-94D2FABBEDDF" value="true"/>
</engineerTo>
<useDomainConstraints>false</useDomainConstraints>
<use>1</use>
<logicalDatatype>LOGDT024</logicalDatatype>
<dataTypeSize>50</dataTypeSize>
<ownDataTypeParameters>50,,</ownDataTypeParameters>
</Attribute>
</attributes>
<identifiers itemClass="oracle.dbtools.crest.model.design.logical.CandidateKey">
<identifier id="A72BE5F9-1A95-9535-0588-D503EE2AFE39" name="DRUG PK">
<createdBy>sothisiswhyy</createdBy>
<createdTime>2023-09-10 06:40:37 UTC</createdTime>
<ownerDesignName>pf_oraclemodel</ownerDesignName>
<engineerTo>
<item key="A4C9562F-8456-6F79-1CC3-94D2FABBEDDF" value="true"/>
</engineerTo>
<pk>true</pk>
<usedAttributes>
<attributeRef>23A4DFA8-8C17-03A7-4484-43C723BB5846</attributeRef>
</usedAttributes>
</identifier>
</identifiers>
</Entity>
