<?xml version = '1.0' encoding = 'UTF-8'?>
<Entity class="oracle.dbtools.crest.model.design.logical.Entity" directorySegmentName="seg_0" id="4D16F7C0-547C-0694-ECF8-62975A7DFF17" name="SERVICE">
<createdBy>sothisiswhyy</createdBy>
<createdTime>2023-09-10 06:40:45 UTC</createdTime>
<ownerDesignName>pf_oraclemodel</ownerDesignName>
<engineerTo>
<item key="A4C9562F-8456-6F79-1CC3-94D2FABBEDDF" value="true"/>
</engineerTo>
<adequatelyNormalized>NO</adequatelyNormalized>
<expectedVolumes>0</expectedVolumes>
<fwdEngineeringStrategyName>Single Table</fwdEngineeringStrategyName>
<growthPercent>0</growthPercent>
<growthType>Year</growthType>
<maxVolumes>9999999</maxVolumes>
<minVolumes>0</minVolumes>
<normalForm>Third</normalForm>
<attributes itemClass="oracle.dbtools.crest.model.design.logical.Attribute">
<Attribute name="serv_code" id="694EB725-B97B-9C0E-FCED-4A78E8717541">
<createdBy>sothisiswhyy</createdBy>
<createdTime>2023-09-10 06:40:45 UTC</createdTime>
<commentInRDBMS><![CDATA[service code]]></commentInRDBMS>
<ownerDesignName>pf_oraclemodel</ownerDesignName>
<importedID>791C52D4-4FFA-600C-2B96-6EA9179C6D32</importedID>
<engineerTo>
<item key="A4C9562F-8456-6F79-1CC3-94D2FABBEDDF" value="true"/>
</engineerTo>
<useDomainConstraints>false</useDomainConstraints>
<use>1</use>
<logicalDatatype>LOGDT025</logicalDatatype>
<dataTypeSize>5</dataTypeSize>
<ownDataTypeParameters>5,,</ownDataTypeParameters>
</Attribute>
<Attribute name="serv_desc" id="871A0FA0-60AD-9E2E-3EBB-F4E035374E9B">
<createdBy>sothisiswhyy</createdBy>
<createdTime>2023-09-10 06:40:45 UTC</createdTime>
<commentInRDBMS><![CDATA[service description]]></commentInRDBMS>
<ownerDesignName>pf_oraclemodel</ownerDesignName>
<importedID>66AD074F-503B-B6D0-0A66-1B3E97BD9EF0</importedID>
<engineerTo>
<item key="A4C9562F-8456-6F79-1CC3-94D2FABBEDDF" value="true"/>
</engineerTo>
<useDomainConstraints>false</useDomainConstraints>
<use>1</use>
<logicalDatatype>LOGDT024</logicalDatatype>
<dataTypeSize>50</dataTypeSize>
<ownDataTypeParameters>50,,</ownDataTypeParameters>
</Attribute>
</attributes>
<identifiers itemClass="oracle.dbtools.crest.model.design.logical.CandidateKey">
<identifier id="DF158707-16A1-7BB6-B215-EB27A2B1BBC9" name="SERVICE PK">
<createdBy>sothisiswhyy</createdBy>
<createdTime>2023-09-10 06:40:45 UTC</createdTime>
<ownerDesignName>pf_oraclemodel</ownerDesignName>
<engineerTo>
<item key="A4C9562F-8456-6F79-1CC3-94D2FABBEDDF" value="true"/>
</engineerTo>
<pk>true</pk>
<usedAttributes>
<attributeRef>694EB725-B97B-9C0E-FCED-4A78E8717541</attributeRef>
</usedAttributes>
</identifier>
</identifiers>
</Entity>
