<?xml version = '1.0' encoding = 'UTF-8'?>
<Entity class="oracle.dbtools.crest.model.design.logical.Entity" directorySegmentName="seg_0" id="95A1A036-3A8F-A76D-ECAA-73469B746B10" name="SERVICE_ACCOUNT">
<createdBy>Admin</createdBy>
<createdTime>2023-09-11 10:45:14 UTC</createdTime>
<ownerDesignName>pf_oraclemodel</ownerDesignName>
<engineerTo>
<item key="A4C9562F-8456-6F79-1CC3-94D2FABBEDDF" value="true"/>
</engineerTo>
<adequatelyNormalized>NO</adequatelyNormalized>
<expectedVolumes>0</expectedVolumes>
<fwdEngineeringStrategyName>Single Table</fwdEngineeringStrategyName>
<growthPercent>0</growthPercent>
<growthType>Year</growthType>
<maxVolumes>9999999</maxVolumes>
<minVolumes>0</minVolumes>
<normalForm>Third</normalForm>
<attributes itemClass="oracle.dbtools.crest.model.design.logical.Attribute">
<Attribute name="serv_code" id="111A19BF-BEFA-0EA7-0849-18F5928F46A7">
<createdBy>Admin</createdBy>
<createdTime>2023-09-11 10:50:10 UTC</createdTime>
<commentInRDBMS><![CDATA[service code]]></commentInRDBMS>
<generatorID>1B61470A-0EC9-D89C-FF65-BF23F217F428</generatorID>
<ownerDesignName>pf_oraclemodel</ownerDesignName>
<engineerTo>
<item key="A4C9562F-8456-6F79-1CC3-94D2FABBEDDF" value="true"/>
</engineerTo>
<referedAttribute>694EB725-B97B-9C0E-FCED-4A78E8717541</referedAttribute>
<useDomainConstraints>false</useDomainConstraints>
<use>1</use>
<logicalDatatype>LOGDT025</logicalDatatype>
<dataTypeSize>3</dataTypeSize>
<ownDataTypeParameters>3,,</ownDataTypeParameters>
</Attribute>
<Attribute name="visit_id" id="239B8CAB-CF17-605F-DA4D-DC3E467B9277">
<createdBy>Admin</createdBy>
<createdTime>2023-09-11 23:55:55 UTC</createdTime>
<commentInRDBMS><![CDATA[surrogate key for visit]]></commentInRDBMS>
<generatorID>0A386A7E-A6F5-4D43-E7EE-8BA2D6B3F59F</generatorID>
<ownerDesignName>pf_oraclemodel</ownerDesignName>
<engineerTo>
<item key="A4C9562F-8456-6F79-1CC3-94D2FABBEDDF" value="true"/>
</engineerTo>
<referedAttribute>C84842E2-6507-3201-9E4E-14A2A5C88F7A</referedAttribute>
<useDomainConstraints>false</useDomainConstraints>
<use>1</use>
<logicalDatatype>LOGDT019</logicalDatatype>
<dataTypePrecision>3</dataTypePrecision>
<ownDataTypeParameters>,3,</ownDataTypeParameters>
</Attribute>
<Attribute name="serv_account_line_cost" id="E021833F-A59E-B9FB-B3BF-DFB35FE69310">
<createdBy>kashi</createdBy>
<createdTime>2023-09-12 01:03:55 UTC</createdTime>
<commentInRDBMS><![CDATA[price of service]]></commentInRDBMS>
<ownerDesignName>pf_oraclemodel</ownerDesignName>
<engineerTo>
<item key="A4C9562F-8456-6F79-1CC3-94D2FABBEDDF" value="true"/>
</engineerTo>
<nullsAllowed>true</nullsAllowed>
<useDomainConstraints>false</useDomainConstraints>
<use>1</use>
<logicalDatatype>LOGDT019</logicalDatatype>
<dataTypePrecision>5</dataTypePrecision>
<dataTypeScale>2</dataTypeScale>
<ownDataTypeParameters>,5,2</ownDataTypeParameters>
</Attribute>
</attributes>
<identifiers itemClass="oracle.dbtools.crest.model.design.logical.CandidateKey">
<identifier id="8370FE62-C2EF-C9BD-F10C-DFFF05C600B9" name="VISIT_SERVICE PK">
<createdBy>Admin</createdBy>
<createdTime>2023-09-11 23:55:43 UTC</createdTime>
<ownerDesignName>pf_oraclemodel</ownerDesignName>
<shouldEngineer>false</shouldEngineer>
<engineerTo>
<item key="A4C9562F-8456-6F79-1CC3-94D2FABBEDDF" value="false"/>
</engineerTo>
<pk>true</pk>
<usedAttributes>
<attributeRef>111A19BF-BEFA-0EA7-0849-18F5928F46A7</attributeRef>
<attributeRef>239B8CAB-CF17-605F-DA4D-DC3E467B9277</attributeRef>
</usedAttributes>
</identifier>
</identifiers>
</Entity>
