<?xml version = '1.0' encoding = 'UTF-8'?>
<Entity class="oracle.dbtools.crest.model.design.logical.Entity" directorySegmentName="seg_0" id="D0528CEF-D9DC-435F-D12F-C2493225546D" name="OWNER">
<createdBy>Admin</createdBy>
<createdTime>2023-09-10 07:41:14 UTC</createdTime>
<ownerDesignName>pf_oraclemodel</ownerDesignName>
<engineerTo>
<item key="A4C9562F-8456-6F79-1CC3-94D2FABBEDDF" value="true"/>
</engineerTo>
<adequatelyNormalized>NO</adequatelyNormalized>
<expectedVolumes>0</expectedVolumes>
<fwdEngineeringStrategyName>Single Table</fwdEngineeringStrategyName>
<growthPercent>0</growthPercent>
<growthType>Year</growthType>
<maxVolumes>9999999</maxVolumes>
<minVolumes>0</minVolumes>
<normalForm>Third</normalForm>
<attributes itemClass="oracle.dbtools.crest.model.design.logical.Attribute">
<Attribute name="owner_id" id="5EFAB163-4411-3A25-8F10-8D9418BBEBB6">
<createdBy>Admin</createdBy>
<createdTime>2023-09-10 07:41:14 UTC</createdTime>
<commentInRDBMS><![CDATA[unique id of owner]]></commentInRDBMS>
<ownerDesignName>pf_oraclemodel</ownerDesignName>
<importedID>B8F522E5-40FD-702C-2DB9-786C968EBC72</importedID>
<engineerTo>
<item key="A4C9562F-8456-6F79-1CC3-94D2FABBEDDF" value="true"/>
</engineerTo>
<useDomainConstraints>false</useDomainConstraints>
<use>1</use>
<logicalDatatype>LOGDT025</logicalDatatype>
<dataTypeSize>3</dataTypeSize>
<ownDataTypeParameters>3,,</ownDataTypeParameters>
</Attribute>
<Attribute name="owner_gname" id="5C50798C-93C7-534E-CC92-CCA773628677">
<createdBy>Admin</createdBy>
<createdTime>2023-09-10 07:41:14 UTC</createdTime>
<commentInRDBMS><![CDATA[given name of owner]]></commentInRDBMS>
<ownerDesignName>pf_oraclemodel</ownerDesignName>
<importedID>A908BD45-9406-5E15-2C62-66A97D2A6F65</importedID>
<engineerTo>
<item key="A4C9562F-8456-6F79-1CC3-94D2FABBEDDF" value="true"/>
</engineerTo>
<useDomainConstraints>false</useDomainConstraints>
<use>1</use>
<logicalDatatype>LOGDT024</logicalDatatype>
<dataTypeSize>20</dataTypeSize>
<ownDataTypeParameters>20,,</ownDataTypeParameters>
</Attribute>
<Attribute name="owner_fname" id="D50FB10A-99B6-C0F4-B3B8-63AF128CDC05">
<createdBy>Admin</createdBy>
<createdTime>2023-09-10 07:41:14 UTC</createdTime>
<commentInRDBMS><![CDATA[family name of owner]]></commentInRDBMS>
<ownerDesignName>pf_oraclemodel</ownerDesignName>
<importedID>D8E07BB2-FE82-D46A-2525-3D02005C1634</importedID>
<engineerTo>
<item key="A4C9562F-8456-6F79-1CC3-94D2FABBEDDF" value="true"/>
</engineerTo>
<useDomainConstraints>false</useDomainConstraints>
<use>1</use>
<logicalDatatype>LOGDT024</logicalDatatype>
<dataTypeSize>20</dataTypeSize>
<ownDataTypeParameters>20,,</ownDataTypeParameters>
</Attribute>
<Attribute name="owner_contact" id="6915FD24-EBC7-6E1C-7ADB-D791A2385193">
<createdBy>Admin</createdBy>
<createdTime>2023-09-11 01:58:42 UTC</createdTime>
<commentInRDBMS><![CDATA[owner contact number]]></commentInRDBMS>
<ownerDesignName>pf_oraclemodel</ownerDesignName>
<engineerTo>
<item key="A4C9562F-8456-6F79-1CC3-94D2FABBEDDF" value="true"/>
</engineerTo>
<nullsAllowed>true</nullsAllowed>
<useDomainConstraints>false</useDomainConstraints>
<use>1</use>
<logicalDatatype>LOGDT025</logicalDatatype>
<dataTypeSize>12</dataTypeSize>
<ownDataTypeParameters>12,,</ownDataTypeParameters>
</Attribute>
</attributes>
<identifiers itemClass="oracle.dbtools.crest.model.design.logical.CandidateKey">
<identifier id="8A9C90BE-96B0-B18A-2ACE-759B3F213214" name="Owner PK">
<createdBy>Admin</createdBy>
<createdTime>2023-09-10 07:41:14 UTC</createdTime>
<ownerDesignName>pf_oraclemodel</ownerDesignName>
<engineerTo>
<item key="A4C9562F-8456-6F79-1CC3-94D2FABBEDDF" value="true"/>
</engineerTo>
<pk>true</pk>
<usedAttributes>
<attributeRef>5EFAB163-4411-3A25-8F10-8D9418BBEBB6</attributeRef>
</usedAttributes>
</identifier>
</identifiers>
</Entity>
