<?xml version = '1.0' encoding = 'UTF-8'?>
<Diagram class="oracle.dbtools.crest.swingui.logical.DPVLogical" name="Logical" id="B9AA5D4C-2B4D-AFD6-9111-C89DFDA0D751">
<createdBy>A03-Group023</createdBy>
<modifiedBy>ychu0053</modifiedBy>
<createdTime>2023-09-10 00:36:19 UTC</createdTime>
<autoRoute>false</autoRoute>
<boxInbox>true</boxInbox>
<showLegend>true</showLegend>
<showLabels>true</showLabels>
<showRelAttributes>false</showRelAttributes>
<gridEnabled>false</gridEnabled>
<showGrid>false</showGrid>
<diagramColor>-1</diagramColor>
<display>false</display>
<notation>2</notation>
<showAllDetails>false</showAllDetails>
<showElements>true</showElements>
<objectViews>
<OView class="oracle.dbtools.crest.swingui.logical.TVEntity" oid="1C2D8F96-9638-D704-3E03-F76B56D5876B" otype="Entity" vid="78CD9A0D-AC17-A346-58B3-84ED093EC9D5">
<hideElementsInCurrentOnly>false</hideElementsInCurrentOnly>
<bounds x="1153" y="400" width="170" height="110"/>
</OView>
<OView class="oracle.dbtools.crest.swingui.logical.TVEntity" oid="299AE849-28A9-2C80-6B41-51C141410100" otype="Entity" vid="A5CEF2C4-F324-44F6-8494-15A9CAC2ABBE">
<hideElementsInCurrentOnly>false</hideElementsInCurrentOnly>
<bounds x="965" y="581" width="170" height="120"/>
</OView>
<OView class="oracle.dbtools.crest.swingui.logical.TVEntity" oid="4D16F7C0-547C-0694-ECF8-62975A7DFF17" otype="Entity" vid="A373C415-FEB0-4364-1469-ECC47B601E00">
<hideElementsInCurrentOnly>false</hideElementsInCurrentOnly>
<bounds x="797" y="741" width="170" height="110"/>
</OView>
<OView class="oracle.dbtools.crest.swingui.logical.TVEntity" oid="5501FF9A-9DE4-566D-5AA4-708904CBE8AF" otype="Entity" vid="00E840CE-482E-48A8-3B8D-F3B75104EBD8">
<hideElementsInCurrentOnly>false</hideElementsInCurrentOnly>
<bounds x="744" y="180" width="170" height="110"/>
</OView>
<OView class="oracle.dbtools.crest.swingui.TVLegend" oid="5BF8C57F-8348-1DA6-4A69-A972DF7DC7CC" otype="Legend" vid="619F295C-77F1-1DC1-4EED-6B88756DFD39">
<hideElementsInCurrentOnly>false</hideElementsInCurrentOnly>
<bounds x="10" y="10" width="232" height="135"/>
</OView>
<OView class="oracle.dbtools.crest.swingui.logical.TVEntity" oid="8863BB9F-4F16-2D72-274D-B101DBE19901" otype="Entity" vid="9AD6BF6A-F463-4B5B-915A-0C076A4998BA">
<hideElementsInCurrentOnly>false</hideElementsInCurrentOnly>
<bounds x="482" y="168" width="170" height="113"/>
</OView>
<OView class="oracle.dbtools.crest.swingui.logical.TVEntity" oid="95A1A036-3A8F-A76D-ECAA-73469B746B10" otype="Entity" vid="52949A02-2E40-98EB-4DFE-5F162BB66091">
<hideElementsInCurrentOnly>false</hideElementsInCurrentOnly>
<bounds x="565" y="736" width="165" height="129"/>
</OView>
<OView class="oracle.dbtools.crest.swingui.logical.TVEntity" oid="9BA0C3D2-5ED8-E68E-0C9B-5E6EF8F0912B" otype="Entity" vid="750A2A52-C36D-F7B0-4B82-EA1EB4528EED">
<hideElementsInCurrentOnly>false</hideElementsInCurrentOnly>
<bounds x="300" y="398" width="170" height="110"/>
</OView>
<OView class="oracle.dbtools.crest.swingui.logical.TVEntity" oid="A8B9D82E-4CE4-F9F9-D48D-D88A4D0CADFF" otype="Entity" vid="34814171-0F2C-CA6E-D777-C6D4A4443415">
<hideElementsInCurrentOnly>false</hideElementsInCurrentOnly>
<bounds x="822" y="395" width="235" height="133"/>
</OView>
<OView class="oracle.dbtools.crest.swingui.logical.TVEntity" oid="AB87542E-3B85-5BE3-4BA0-7323EA380B4C" otype="Entity" vid="0200F1FF-1558-1C2D-682D-53E706514861">
<hideElementsInCurrentOnly>false</hideElementsInCurrentOnly>
<bounds x="681" y="587" width="170" height="120"/>
</OView>
<OView class="oracle.dbtools.crest.swingui.logical.TVEntity" oid="CE541895-8381-09D4-F6CB-CE3011FC3C23" otype="Entity" vid="86F9785D-2C45-54AF-3EA9-A536FD3A5FE3">
<hideElementsInCurrentOnly>false</hideElementsInCurrentOnly>
<bounds x="258" y="173" width="170" height="114"/>
</OView>
<OView class="oracle.dbtools.crest.swingui.logical.TVEntity" oid="D0528CEF-D9DC-435F-D12F-C2493225546D" otype="Entity" vid="4CC8C6DF-2CCB-480C-D658-31DC4DF88979">
<hideElementsInCurrentOnly>false</hideElementsInCurrentOnly>
<bounds x="330" y="582" width="170" height="110"/>
</OView>
<OView class="oracle.dbtools.crest.swingui.logical.TVEntity" oid="D4857281-CEFC-3A0E-6B13-C6D2DDD12A80" otype="Entity" vid="C0261234-6FFB-DA82-93C2-098DBEC3E306">
<hideElementsInCurrentOnly>false</hideElementsInCurrentOnly>
<bounds x="564" y="353" width="178" height="195"/>
</OView>
</objectViews>
<connectors>
<Connector class="oracle.dbtools.crest.swingui.logical.TVRelation" oid="0A386A7E-A6F5-4D43-E7EE-8BA2D6B3F59F" otype="Relation" vid_source="C0261234-6FFB-DA82-93C2-098DBEC3E306" vid_target="52949A02-2E40-98EB-4DFE-5F162BB66091">
<hideElementsInCurrentOnly>false</hideElementsInCurrentOnly>
<backgroundColor>-16777216</backgroundColor>
<lineWidth>1</lineWidth>
<sourceLabel class="oracle.dbtools.crest.model.design.Label">
<site>0</site>
<labelBounds x="647" y="584" width="34" height="30"/>
<noBackgroundColor>true</noBackgroundColor>
<noForegroundColor>true</noForegroundColor>
</sourceLabel>
<targetLabel class="oracle.dbtools.crest.model.design.Label">
<site>2</site>
<labelBounds x="647" y="701" width="18" height="29"/>
<noBackgroundColor>true</noBackgroundColor>
<noForegroundColor>true</noForegroundColor>
</targetLabel>
<points>
<point x="647" y="548"/>
<point x="647" y="736"/>
</points>
</Connector>
<Connector class="oracle.dbtools.crest.swingui.logical.TVRelation" oid="1B61470A-0EC9-D89C-FF65-BF23F217F428" otype="Relation" vid_source="A373C415-FEB0-4364-1469-ECC47B601E00" vid_target="52949A02-2E40-98EB-4DFE-5F162BB66091">
<hideElementsInCurrentOnly>false</hideElementsInCurrentOnly>
<backgroundColor>-16777216</backgroundColor>
<lineWidth>1</lineWidth>
<sourceLabel class="oracle.dbtools.crest.model.design.Label">
<site>0</site>
<labelBounds x="760" y="766" width="31" height="30"/>
<noBackgroundColor>true</noBackgroundColor>
<noForegroundColor>true</noForegroundColor>
</sourceLabel>
<targetLabel class="oracle.dbtools.crest.model.design.Label">
<site>2</site>
<labelBounds x="740" y="799" width="18" height="30"/>
<noBackgroundColor>true</noBackgroundColor>
<noForegroundColor>true</noForegroundColor>
</targetLabel>
<points>
<point x="797" y="796"/>
<point x="730" y="796"/>
</points>
</Connector>
<Connector class="oracle.dbtools.crest.swingui.logical.TVRelation" oid="36595D01-5EB8-DFAF-06A8-CB5F451B1BB8" otype="Relation" vid_source="86F9785D-2C45-54AF-3EA9-A536FD3A5FE3" vid_target="34814171-0F2C-CA6E-D777-C6D4A4443415">
<hideElementsInCurrentOnly>false</hideElementsInCurrentOnly>
<backgroundColor>-16777216</backgroundColor>
<lineWidth>1</lineWidth>
<sourceLabel class="oracle.dbtools.crest.model.design.Label">
<site>0</site>
<labelBounds x="332" y="151" width="54" height="16"/>
<noBackgroundColor>true</noBackgroundColor>
<noForegroundColor>true</noForegroundColor>
</sourceLabel>
<targetLabel class="oracle.dbtools.crest.model.design.Label">
<site>2</site>
<labelBounds x="1019" y="359" width="21" height="30"/>
<noBackgroundColor>true</noBackgroundColor>
<noForegroundColor>true</noForegroundColor>
</targetLabel>
<points>
<point x="332" y="173"/>
<point x="332" y="125"/>
<point x="1019" y="124"/>
<point x="1019" y="395"/>
</points>
</Connector>
<Connector class="oracle.dbtools.crest.swingui.logical.TVRelation" oid="36D5A372-9F49-3773-FF72-225D1E2D30D5" otype="Relation" vid_source="C0261234-6FFB-DA82-93C2-098DBEC3E306" vid_target="0200F1FF-1558-1C2D-682D-53E706514861">
<hideElementsInCurrentOnly>false</hideElementsInCurrentOnly>
<backgroundColor>-16777216</backgroundColor>
<lineWidth>1</lineWidth>
<sourceLabel class="oracle.dbtools.crest.model.design.Label">
<site>0</site>
<labelBounds x="711" y="592" width="39" height="30"/>
<noBackgroundColor>true</noBackgroundColor>
<noForegroundColor>true</noForegroundColor>
</sourceLabel>
<targetLabel class="oracle.dbtools.crest.model.design.Label">
<site>2</site>
<labelBounds x="711" y="551" width="18" height="30"/>
<noBackgroundColor>true</noBackgroundColor>
<noForegroundColor>true</noForegroundColor>
</targetLabel>
<points>
<point x="711" y="548"/>
<point x="711" y="587"/>
</points>
</Connector>
<Connector class="oracle.dbtools.crest.swingui.logical.TVRelation" oid="3C379C12-7D7C-E120-DC5B-02DFB19920B4" otype="Relation" vid_source="C0261234-6FFB-DA82-93C2-098DBEC3E306" vid_target="C0261234-6FFB-DA82-93C2-098DBEC3E306">
<hideElementsInCurrentOnly>false</hideElementsInCurrentOnly>
<backgroundColor>-16777216</backgroundColor>
<lineWidth>1</lineWidth>
<sourceLabel class="oracle.dbtools.crest.model.design.Label">
<site>0</site>
<labelBounds x="698" y="339" width="61" height="29"/>
<noBackgroundColor>true</noBackgroundColor>
<noForegroundColor>true</noForegroundColor>
</sourceLabel>
<targetLabel class="oracle.dbtools.crest.model.design.Label">
<site>2</site>
<labelBounds x="793" y="415" width="18" height="30"/>
<noBackgroundColor>true</noBackgroundColor>
<noForegroundColor>true</noForegroundColor>
</targetLabel>
<points>
<point x="698" y="353"/>
<point x="698" y="324"/>
<point x="794" y="323"/>
<point x="793" y="425"/>
<point x="742" y="425"/>
</points>
</Connector>
<Connector class="oracle.dbtools.crest.swingui.logical.TVRelation" oid="4459D9DC-94B4-0BA2-209F-8EC0C5A4E2DC" otype="Relation" vid_source="9AD6BF6A-F463-4B5B-915A-0C076A4998BA" vid_target="00E840CE-482E-48A8-3B8D-F3B75104EBD8">
<hideElementsInCurrentOnly>false</hideElementsInCurrentOnly>
<backgroundColor>-16777216</backgroundColor>
<lineWidth>1</lineWidth>
<sourceLabel class="oracle.dbtools.crest.model.design.Label">
<site>0</site>
<labelBounds x="662" y="212" width="31" height="18"/>
<noBackgroundColor>true</noBackgroundColor>
<noForegroundColor>true</noForegroundColor>
</sourceLabel>
<targetLabel class="oracle.dbtools.crest.model.design.Label">
<site>2</site>
<labelBounds x="720" y="233" width="18" height="30"/>
<noBackgroundColor>true</noBackgroundColor>
<noForegroundColor>true</noForegroundColor>
</targetLabel>
<points>
<point x="652" y="230"/>
<point x="744" y="230"/>
</points>
</Connector>
<Connector class="oracle.dbtools.crest.swingui.logical.TVRelation" oid="4EA65AD2-7C6C-4480-0642-D565C9E81658" otype="Relation" vid_source="34814171-0F2C-CA6E-D777-C6D4A4443415" vid_target="9AD6BF6A-F463-4B5B-915A-0C076A4998BA">
<hideElementsInCurrentOnly>false</hideElementsInCurrentOnly>
<backgroundColor>-16777216</backgroundColor>
<lineWidth>1</lineWidth>
<sourceLabel class="oracle.dbtools.crest.model.design.Label">
<site>0</site>
<labelBounds x="950" y="364" width="35" height="17"/>
<noBackgroundColor>true</noBackgroundColor>
<noForegroundColor>true</noForegroundColor>
</sourceLabel>
<targetLabel class="oracle.dbtools.crest.model.design.Label">
<site>2</site>
<labelBounds x="573" y="312" width="19" height="32"/>
<noBackgroundColor>true</noBackgroundColor>
<noForegroundColor>true</noForegroundColor>
</targetLabel>
<points>
<point x="950" y="395"/>
<point x="950" y="310"/>
<point x="573" y="312"/>
<point x="573" y="281"/>
</points>
</Connector>
<Connector class="oracle.dbtools.crest.swingui.logical.TVRelation" oid="5FD28E7E-826A-902A-7D87-D39D466CFF66" otype="Relation" vid_source="34814171-0F2C-CA6E-D777-C6D4A4443415" vid_target="00E840CE-482E-48A8-3B8D-F3B75104EBD8">
<hideElementsInCurrentOnly>false</hideElementsInCurrentOnly>
<backgroundColor>-16777216</backgroundColor>
<lineWidth>1</lineWidth>
<sourceLabel class="oracle.dbtools.crest.model.design.Label">
<site>0</site>
<labelBounds x="837" y="359" width="57" height="30"/>
<noBackgroundColor>true</noBackgroundColor>
<noForegroundColor>true</noForegroundColor>
</sourceLabel>
<targetLabel class="oracle.dbtools.crest.model.design.Label">
<site>2</site>
<labelBounds x="836" y="326" width="18" height="30"/>
<noBackgroundColor>true</noBackgroundColor>
<noForegroundColor>true</noForegroundColor>
</targetLabel>
<points>
<point x="837" y="395"/>
<point x="836" y="290"/>
</points>
</Connector>
<Connector class="oracle.dbtools.crest.swingui.logical.TVRelation" oid="67389BD0-E045-2F54-98B9-24888CEA7C1A" otype="Relation" vid_source="A5CEF2C4-F324-44F6-8494-15A9CAC2ABBE" vid_target="0200F1FF-1558-1C2D-682D-53E706514861">
<hideElementsInCurrentOnly>false</hideElementsInCurrentOnly>
<backgroundColor>-16777216</backgroundColor>
<lineWidth>1</lineWidth>
<sourceLabel class="oracle.dbtools.crest.model.design.Label">
<site>0</site>
<labelBounds x="926" y="616" width="33" height="28"/>
<noBackgroundColor>true</noBackgroundColor>
<noForegroundColor>true</noForegroundColor>
</sourceLabel>
<targetLabel class="oracle.dbtools.crest.model.design.Label">
<site>2</site>
<labelBounds x="861" y="647" width="18" height="30"/>
<noBackgroundColor>true</noBackgroundColor>
<noForegroundColor>true</noForegroundColor>
</targetLabel>
<points>
<point x="965" y="644"/>
<point x="851" y="644"/>
</points>
</Connector>
<Connector class="oracle.dbtools.crest.swingui.logical.TVRelation" oid="6CB5D565-A89A-EE1E-722E-6866A3ABBEF6" otype="Relation" vid_source="86F9785D-2C45-54AF-3EA9-A536FD3A5FE3" vid_target="9AD6BF6A-F463-4B5B-915A-0C076A4998BA">
<hideElementsInCurrentOnly>false</hideElementsInCurrentOnly>
<backgroundColor>-16777216</backgroundColor>
<lineWidth>1</lineWidth>
<sourceLabel class="oracle.dbtools.crest.model.design.Label">
<site>0</site>
<labelBounds x="438" y="210" width="31" height="17"/>
<noBackgroundColor>true</noBackgroundColor>
<noForegroundColor>true</noForegroundColor>
</sourceLabel>
<targetLabel class="oracle.dbtools.crest.model.design.Label">
<site>2</site>
<labelBounds x="458" y="230" width="18" height="31"/>
<noBackgroundColor>true</noBackgroundColor>
<noForegroundColor>true</noForegroundColor>
</targetLabel>
<points>
<point x="428" y="227"/>
<point x="482" y="227"/>
</points>
</Connector>
<Connector class="oracle.dbtools.crest.swingui.logical.TVRelation" oid="727A3C40-2457-F2D0-07C7-B16611EB4B1B" otype="Relation" vid_source="34814171-0F2C-CA6E-D777-C6D4A4443415" vid_target="86F9785D-2C45-54AF-3EA9-A536FD3A5FE3">
<hideElementsInCurrentOnly>false</hideElementsInCurrentOnly>
<backgroundColor>-16777216</backgroundColor>
<lineWidth>1</lineWidth>
<sourceLabel class="oracle.dbtools.crest.model.design.Label">
<site>0</site>
<labelBounds x="1046" y="335" width="43" height="30"/>
<noBackgroundColor>true</noBackgroundColor>
<noForegroundColor>true</noForegroundColor>
</sourceLabel>
<targetLabel class="oracle.dbtools.crest.model.design.Label">
<site>2</site>
<labelBounds x="306" y="121" width="18" height="30"/>
<noBackgroundColor>true</noBackgroundColor>
<noForegroundColor>true</noForegroundColor>
</targetLabel>
<points>
<point x="1046" y="395"/>
<point x="1046" y="105"/>
<point x="306" y="103"/>
<point x="306" y="173"/>
</points>
</Connector>
<Connector class="oracle.dbtools.crest.swingui.logical.TVRelation" oid="7BFADC04-5158-7987-89E2-69067B0A5513" otype="Relation" vid_source="34814171-0F2C-CA6E-D777-C6D4A4443415" vid_target="C0261234-6FFB-DA82-93C2-098DBEC3E306">
<hideElementsInCurrentOnly>false</hideElementsInCurrentOnly>
<backgroundColor>-16777216</backgroundColor>
<lineWidth>1</lineWidth>
<sourceLabel class="oracle.dbtools.crest.model.design.Label">
<site>0</site>
<labelBounds x="773" y="431" width="43" height="30"/>
<noBackgroundColor>true</noBackgroundColor>
<noForegroundColor>true</noForegroundColor>
</sourceLabel>
<targetLabel class="oracle.dbtools.crest.model.design.Label">
<site>2</site>
<labelBounds x="752" y="464" width="18" height="30"/>
<noBackgroundColor>true</noBackgroundColor>
<noForegroundColor>true</noForegroundColor>
</targetLabel>
<points>
<point x="822" y="461"/>
<point x="742" y="461"/>
</points>
</Connector>
<Connector class="oracle.dbtools.crest.swingui.logical.TVRelation" oid="7E9E049C-E18F-C870-F32E-9DC569D93569" otype="Relation" vid_source="750A2A52-C36D-F7B0-4B82-EA1EB4528EED" vid_target="C0261234-6FFB-DA82-93C2-098DBEC3E306">
<hideElementsInCurrentOnly>false</hideElementsInCurrentOnly>
<backgroundColor>-16777216</backgroundColor>
<lineWidth>1</lineWidth>
<sourceLabel class="oracle.dbtools.crest.model.design.Label">
<site>0</site>
<labelBounds x="480" y="420" width="49" height="33"/>
<noBackgroundColor>true</noBackgroundColor>
<noForegroundColor>true</noForegroundColor>
</sourceLabel>
<targetLabel class="oracle.dbtools.crest.model.design.Label">
<site>2</site>
<labelBounds x="540" y="456" width="18" height="30"/>
<noBackgroundColor>true</noBackgroundColor>
<noForegroundColor>true</noForegroundColor>
</targetLabel>
<points>
<point x="470" y="453"/>
<point x="564" y="453"/>
</points>
</Connector>
<Connector class="oracle.dbtools.crest.swingui.logical.TVRelation" oid="846E7C98-D162-2D59-12DE-7C15781F07A9" otype="Relation" vid_source="86F9785D-2C45-54AF-3EA9-A536FD3A5FE3" vid_target="C0261234-6FFB-DA82-93C2-098DBEC3E306">
<hideElementsInCurrentOnly>false</hideElementsInCurrentOnly>
<backgroundColor>-16777216</backgroundColor>
<lineWidth>1</lineWidth>
<sourceLabel class="oracle.dbtools.crest.model.design.Label">
<site>0</site>
<labelBounds x="396" y="347" width="31" height="30"/>
<noBackgroundColor>true</noBackgroundColor>
<noForegroundColor>true</noForegroundColor>
</sourceLabel>
<targetLabel class="oracle.dbtools.crest.model.design.Label">
<site>2</site>
<labelBounds x="540" y="376" width="18" height="30"/>
<noBackgroundColor>true</noBackgroundColor>
<noForegroundColor>true</noForegroundColor>
</targetLabel>
<points>
<point x="396" y="287"/>
<point x="396" y="373"/>
<point x="564" y="373"/>
</points>
</Connector>
<Connector class="oracle.dbtools.crest.swingui.logical.TVRelation" oid="C516F5D5-D71A-ACC2-6424-515BEAFF6580" otype="Relation" vid_source="4CC8C6DF-2CCB-480C-D658-31DC4DF88979" vid_target="750A2A52-C36D-F7B0-4B82-EA1EB4528EED">
<hideElementsInCurrentOnly>false</hideElementsInCurrentOnly>
<backgroundColor>-16777216</backgroundColor>
<lineWidth>1</lineWidth>
<sourceLabel class="oracle.dbtools.crest.model.design.Label">
<site>0</site>
<labelBounds x="400" y="546" width="38" height="30"/>
<noBackgroundColor>true</noBackgroundColor>
<noForegroundColor>true</noForegroundColor>
</sourceLabel>
<targetLabel class="oracle.dbtools.crest.model.design.Label">
<site>2</site>
<labelBounds x="400" y="552" width="18" height="30"/>
<noBackgroundColor>true</noBackgroundColor>
<noForegroundColor>true</noForegroundColor>
</targetLabel>
<points>
<point x="400" y="582"/>
<point x="400" y="508"/>
</points>
</Connector>
<Connector class="oracle.dbtools.crest.swingui.logical.TVRelation" oid="C9FDAE4F-0FCC-CF07-F494-BD130D38D47F" otype="Relation" vid_source="34814171-0F2C-CA6E-D777-C6D4A4443415" vid_target="78CD9A0D-AC17-A346-58B3-84ED093EC9D5">
<hideElementsInCurrentOnly>false</hideElementsInCurrentOnly>
<backgroundColor>-16777216</backgroundColor>
<lineWidth>1</lineWidth>
<sourceLabel class="oracle.dbtools.crest.model.design.Label">
<site>0</site>
<labelBounds x="1067" y="425" width="66" height="30"/>
<noBackgroundColor>true</noBackgroundColor>
<noForegroundColor>true</noForegroundColor>
</sourceLabel>
<targetLabel class="oracle.dbtools.crest.model.design.Label">
<site>2</site>
<labelBounds x="1129" y="458" width="18" height="30"/>
<noBackgroundColor>true</noBackgroundColor>
<noForegroundColor>true</noForegroundColor>
</targetLabel>
<points>
<point x="1057" y="455"/>
<point x="1153" y="455"/>
</points>
</Connector>
</connectors>
</Diagram>
