<?xml version = '1.0' encoding = 'UTF-8'?>
<Table class="oracle.dbtools.crest.model.design.relational.Table" directorySegmentName="seg_0" id="66641353-4666-CC99-36BD-B9486A51185D" name="OWNER">
<createdBy>kashi</createdBy>
<createdTime>2023-09-12 12:54:48 UTC</createdTime>
<generatorID>D0528CEF-D9DC-435F-D12F-C2493225546D</generatorID>
<ownerDesignName>pf_oraclemodel</ownerDesignName>
<allowColumnReorder>false</allowColumnReorder>
<existDependencyGenerateInDDl>true</existDependencyGenerateInDDl>
<parsed>true</parsed>
<columns itemClass="oracle.dbtools.crest.model.design.relational.Column">
<Column name="owner_id" id="2C102B27-EC75-50E6-9E4E-E9B4D9C39D72">
<createdBy>kashi</createdBy>
<createdTime>2023-09-12 12:54:48 UTC</createdTime>
<commentInRDBMS><![CDATA[unique id of owner]]></commentInRDBMS>
<generatorID>5EFAB163-4411-3A25-8F10-8D9418BBEBB6</generatorID>
<ownerDesignName>pf_oraclemodel</ownerDesignName>
<useDomainConstraints>false</useDomainConstraints>
<use>1</use>
<logicalDatatype>LOGDT025</logicalDatatype>
<dataTypeSize>3</dataTypeSize>
<ownDataTypeParameters>3,,</ownDataTypeParameters>
<autoIncrementCycle>false</autoIncrementCycle>
</Column>
<Column name="owner_gname" id="150B2CF0-DE1E-B556-722A-9AF45C3AFCD1">
<createdBy>kashi</createdBy>
<createdTime>2023-09-12 12:54:48 UTC</createdTime>
<commentInRDBMS><![CDATA[given name of owner]]></commentInRDBMS>
<generatorID>5C50798C-93C7-534E-CC92-CCA773628677</generatorID>
<ownerDesignName>pf_oraclemodel</ownerDesignName>
<useDomainConstraints>false</useDomainConstraints>
<use>1</use>
<logicalDatatype>LOGDT024</logicalDatatype>
<dataTypeSize>20</dataTypeSize>
<ownDataTypeParameters>20,,</ownDataTypeParameters>
<autoIncrementCycle>false</autoIncrementCycle>
</Column>
<Column name="owner_fname" id="58EB67C1-0FB2-77EF-51BE-FB412A0F7048">
<createdBy>kashi</createdBy>
<createdTime>2023-09-12 12:54:48 UTC</createdTime>
<commentInRDBMS><![CDATA[family name of owner]]></commentInRDBMS>
<generatorID>D50FB10A-99B6-C0F4-B3B8-63AF128CDC05</generatorID>
<ownerDesignName>pf_oraclemodel</ownerDesignName>
<useDomainConstraints>false</useDomainConstraints>
<use>1</use>
<logicalDatatype>LOGDT024</logicalDatatype>
<dataTypeSize>20</dataTypeSize>
<ownDataTypeParameters>20,,</ownDataTypeParameters>
<autoIncrementCycle>false</autoIncrementCycle>
</Column>
<Column name="owner_contact" id="AE8355C5-B7AE-0E81-2491-A044CF985617">
<createdBy>kashi</createdBy>
<createdTime>2023-09-12 12:54:48 UTC</createdTime>
<commentInRDBMS><![CDATA[owner contact number]]></commentInRDBMS>
<generatorID>6915FD24-EBC7-6E1C-7ADB-D791A2385193</generatorID>
<ownerDesignName>pf_oraclemodel</ownerDesignName>
<nullsAllowed>true</nullsAllowed>
<useDomainConstraints>false</useDomainConstraints>
<use>1</use>
<logicalDatatype>LOGDT025</logicalDatatype>
<dataTypeSize>12</dataTypeSize>
<ownDataTypeParameters>12,,</ownDataTypeParameters>
<autoIncrementCycle>false</autoIncrementCycle>
</Column>
</columns>
<indexes itemClass="oracle.dbtools.crest.model.design.relational.Index">
<ind_PK_UK id="3B42F26A-8F1F-F537-012D-3A61CE0C8DA9" name="Owner_PK">
<createdBy>kashi</createdBy>
<createdTime>2023-09-12 12:54:48 UTC</createdTime>
<generatorID>8A9C90BE-96B0-B18A-2ACE-759B3F213214</generatorID>
<ownerDesignName>pf_oraclemodel</ownerDesignName>
<pk>true</pk>
<indexState>Primary Constraint</indexState>
<isSurrogateKey>false</isSurrogateKey>
<indexColumnUsage>
<colUsage columnID="2C102B27-EC75-50E6-9E4E-E9B4D9C39D72"/>
</indexColumnUsage>
</ind_PK_UK>
</indexes>
</Table>
