<?xml version = '1.0' encoding = 'UTF-8'?>
<Table class="oracle.dbtools.crest.model.design.relational.Table" directorySegmentName="seg_0" id="A4923753-000D-EB12-F7B6-046D451596F6" name="TRAINING">
<createdBy>kashi</createdBy>
<createdTime>2023-09-12 12:54:48 UTC</createdTime>
<generatorID>8863BB9F-4F16-2D72-274D-B101DBE19901</generatorID>
<ownerDesignName>pf_oraclemodel</ownerDesignName>
<allowColumnReorder>false</allowColumnReorder>
<existDependencyGenerateInDDl>true</existDependencyGenerateInDDl>
<parsed>true</parsed>
<columns itemClass="oracle.dbtools.crest.model.design.relational.Column">
<Column name="tr_id" id="B227E0E0-B43B-3CE5-0C57-1349430274C7">
<createdBy>kashi</createdBy>
<createdTime>2023-09-12 12:54:48 UTC</createdTime>
<commentInRDBMS><![CDATA[training course  id]]></commentInRDBMS>
<generatorID>56ADD2E9-A663-E262-6E15-56E09FAE5E39</generatorID>
<ownerDesignName>pf_oraclemodel</ownerDesignName>
<useDomainConstraints>false</useDomainConstraints>
<use>1</use>
<logicalDatatype>LOGDT019</logicalDatatype>
<dataTypePrecision>3</dataTypePrecision>
<ownDataTypeParameters>,3,</ownDataTypeParameters>
<autoIncrementCycle>false</autoIncrementCycle>
</Column>
<Column name="tr_name" id="6E242820-7144-4235-40FF-2603311B3505">
<createdBy>kashi</createdBy>
<createdTime>2023-09-12 12:54:48 UTC</createdTime>
<commentInRDBMS><![CDATA[training course name]]></commentInRDBMS>
<generatorID>B4419176-6E23-FD68-E6D5-57A8D14C7EE0</generatorID>
<ownerDesignName>pf_oraclemodel</ownerDesignName>
<useDomainConstraints>false</useDomainConstraints>
<use>1</use>
<logicalDatatype>LOGDT025</logicalDatatype>
<dataTypeSize>30</dataTypeSize>
<ownDataTypeParameters>30,,</ownDataTypeParameters>
<autoIncrementCycle>false</autoIncrementCycle>
</Column>
<Column name="tr_duration" id="00DC1D7A-39F3-C678-3B0A-D52FD009241C">
<createdBy>kashi</createdBy>
<createdTime>2023-09-12 12:54:48 UTC</createdTime>
<commentInRDBMS><![CDATA[training course  duration (in hh:mm)]]></commentInRDBMS>
<generatorID>3C12E484-EC33-821A-F1E8-BBEDBCF731D9</generatorID>
<ownerDesignName>pf_oraclemodel</ownerDesignName>
<useDomainConstraints>false</useDomainConstraints>
<use>1</use>
<logicalDatatype>LOGDT007</logicalDatatype>
<ownDataTypeParameters>,,</ownDataTypeParameters>
<autoIncrementCycle>false</autoIncrementCycle>
</Column>
<Column name="tr_date_time" id="30396E2F-6EF5-09C9-C52D-316D5A1BEAE7">
<createdBy>kashi</createdBy>
<createdTime>2023-09-12 12:54:48 UTC</createdTime>
<commentInRDBMS><![CDATA[training course start date and time]]></commentInRDBMS>
<generatorID>56FCE3DB-1395-3814-F37F-0DBE641EAC3A</generatorID>
<ownerDesignName>pf_oraclemodel</ownerDesignName>
<useDomainConstraints>false</useDomainConstraints>
<use>1</use>
<logicalDatatype>LOGDT007</logicalDatatype>
<ownDataTypeParameters>,,</ownDataTypeParameters>
<autoIncrementCycle>false</autoIncrementCycle>
</Column>
<Column name="clinic_id" id="6130183F-AB7C-7723-2418-DCCECEC8C4E2">
<createdBy>kashi</createdBy>
<createdTime>2023-09-12 12:54:48 UTC</createdTime>
<commentInRDBMS><![CDATA[clinic id, primary key]]></commentInRDBMS>
<generatorID>02798113-1854-A700-B486-385223BF7334</generatorID>
<ownerDesignName>pf_oraclemodel</ownerDesignName>
<useDomainConstraints>false</useDomainConstraints>
<use>1</use>
<logicalDatatype>LOGDT019</logicalDatatype>
<dataTypePrecision>2</dataTypePrecision>
<ownDataTypeParameters>,,</ownDataTypeParameters>
<previousColumn>false</previousColumn>
<autoIncrementCycle>false</autoIncrementCycle>
<associations>
<colAssociation fkAssociation="5409DA21-BE56-6FD0-9609-A8A8FD3E66E7" referredColumn="DC1C1285-A701-4293-C307-7A769807796D"/>
</associations>
</Column>
<Column name="vet_id" id="C0F46C73-F15D-A43E-B0FB-06F3813C2594">
<createdBy>kashi</createdBy>
<createdTime>2023-09-12 12:54:48 UTC</createdTime>
<commentInRDBMS><![CDATA[vet id]]></commentInRDBMS>
<generatorID>445CAE28-A092-9E88-942E-E633746ABF00</generatorID>
<ownerDesignName>pf_oraclemodel</ownerDesignName>
<useDomainConstraints>false</useDomainConstraints>
<use>1</use>
<logicalDatatype>LOGDT019</logicalDatatype>
<dataTypePrecision>2</dataTypePrecision>
<ownDataTypeParameters>,,</ownDataTypeParameters>
<previousColumn>false</previousColumn>
<autoIncrementCycle>false</autoIncrementCycle>
<associations>
<colAssociation fkAssociation="F717B728-14CF-572B-4262-31FC5362ABE7" referredColumn="39C27E71-B923-92B2-A424-55087CAC4615"/>
</associations>
</Column>
</columns>
<indexes itemClass="oracle.dbtools.crest.model.design.relational.Index">
<ind_PK_UK id="2BE63A40-9975-3DE5-CA0E-D2743730C9EA" name="TRAINING_PK">
<createdBy>kashi</createdBy>
<createdTime>2023-09-12 12:54:48 UTC</createdTime>
<generatorID>179CEC04-F4F7-9B4E-3612-B2697EDE5402</generatorID>
<ownerDesignName>pf_oraclemodel</ownerDesignName>
<pk>true</pk>
<indexState>Primary Constraint</indexState>
<isSurrogateKey>false</isSurrogateKey>
<indexColumnUsage>
<colUsage columnID="B227E0E0-B43B-3CE5-0C57-1349430274C7"/>
</indexColumnUsage>
</ind_PK_UK>
<ind_PK_UK id="B6C39AA2-A3A1-62E2-6AF5-D3A27C65C935" name="clinic_training">
<createdBy>kashi</createdBy>
<createdTime>2023-09-12 12:54:48 UTC</createdTime>
<generatorID>6CB5D565-A89A-EE1E-722E-6866A3ABBEF6</generatorID>
<ownerDesignName>pf_oraclemodel</ownerDesignName>
<indexState>Foreign Key</indexState>
<isSurrogateKey>false</isSurrogateKey>
<indexColumnUsage>
<colUsage columnID="6130183F-AB7C-7723-2418-DCCECEC8C4E2"/>
</indexColumnUsage>
</ind_PK_UK>
<ind_PK_UK id="CE6CC904-C738-8CA5-FC8E-4ACE5E9D23A1" name="vet_training">
<createdBy>kashi</createdBy>
<createdTime>2023-09-12 12:54:48 UTC</createdTime>
<generatorID>4EA65AD2-7C6C-4480-0642-D565C9E81658</generatorID>
<ownerDesignName>pf_oraclemodel</ownerDesignName>
<indexState>Foreign Key</indexState>
<isSurrogateKey>false</isSurrogateKey>
<indexColumnUsage>
<colUsage columnID="C0F46C73-F15D-A43E-B0FB-06F3813C2594"/>
</indexColumnUsage>
</ind_PK_UK>
</indexes>
</Table>
