<?xml version = '1.0' encoding = 'UTF-8'?>
<FKIndexAssociation class="oracle.dbtools.crest.model.design.relational.FKIndexAssociation" directorySegmentName="seg_0" id="3ACE5F6B-8EE3-5A5E-82AE-05CA9F68FE9E" containerWithKeyObject="739CD4B7-3214-741A-F0A9-B81EEAA92D5E" localFKIndex="78F9EA9E-1B81-135D-6E49-A2BEE1730F21" name="vet_specialisation">
<createdBy>kashi</createdBy>
<createdTime>2023-09-12 12:54:48 UTC</createdTime>
<generatorID>C9FDAE4F-0FCC-CF07-F494-BD130D38D47F</generatorID>
<ownerDesignName>pf_oraclemodel</ownerDesignName>
<referredTableLongName>VET</referredTableLongName>
<deleteRule>NO ACTION</deleteRule>
<referredTableID>53EB4908-9B10-5D13-31A1-DABCB630E76B</referredTableID>
<keyObject>24303295-A43E-CD99-86D5-3D6C59B48A7D</keyObject>
<referredKeyID>24303295-A43E-CD99-86D5-3D6C59B48A7D</referredKeyID>
<mandatory>true</mandatory>
<refColNames>vet_id</refColNames>
<transferable>true</transferable>
<rely>false</rely>
<columnDependencyConstraintGenerateInDDL>true</columnDependencyConstraintGenerateInDDL>
</FKIndexAssociation>
