<?xml version = '1.0' encoding = 'UTF-8'?>
<FKIndexAssociation class="oracle.dbtools.crest.model.design.relational.FKIndexAssociation" directorySegmentName="seg_0" id="5C12454D-EFF6-F010-24C1-73687041101C" containerWithKeyObject="7C37F349-2058-849F-6ED5-8A54E154FA0F" localFKIndex="576898A2-3E7B-AA4E-6C3A-F94D2DD312F4" name="clinic_visit">
<createdBy>kashi</createdBy>
<createdTime>2023-09-12 12:54:48 UTC</createdTime>
<generatorID>846E7C98-D162-2D59-12DE-7C15781F07A9</generatorID>
<ownerDesignName>pf_oraclemodel</ownerDesignName>
<referredTableLongName>CLINIC</referredTableLongName>
<deleteRule>NO ACTION</deleteRule>
<referredTableID>BDB84813-5879-A9F1-3545-CAA31F0F3048</referredTableID>
<keyObject>AAE7BE0E-F7FA-B897-6F7E-369FA4BBBB11</keyObject>
<referredKeyID>AAE7BE0E-F7FA-B897-6F7E-369FA4BBBB11</referredKeyID>
<mandatory>true</mandatory>
<refColNames>clinic_id</refColNames>
<transferable>true</transferable>
<rely>false</rely>
<columnDependencyConstraintGenerateInDDL>true</columnDependencyConstraintGenerateInDDL>
</FKIndexAssociation>
