<?xml version = '1.0' encoding = 'UTF-8'?>
<FKIndexAssociation class="oracle.dbtools.crest.model.design.relational.FKIndexAssociation" directorySegmentName="seg_0" id="6B9883BE-66E5-7E84-3B15-7DD41C96DCB1" containerWithKeyObject="21DDE6DA-5542-FA03-08B9-068CD4A06B65" localFKIndex="561BA89E-97DC-F44B-5430-AA8B0BDA6A29" name="drug_prescription">
<createdBy>kashi</createdBy>
<createdTime>2023-09-12 12:54:48 UTC</createdTime>
<generatorID>67389BD0-E045-2F54-98B9-24888CEA7C1A</generatorID>
<ownerDesignName>pf_oraclemodel</ownerDesignName>
<referredTableLongName>DRUG</referredTableLongName>
<deleteRule>NO ACTION</deleteRule>
<referredTableID>69F36B8B-6D00-BA33-3B91-2C300F8976D7</referredTableID>
<keyObject>6F4B7B0D-9688-BF50-150F-9F2375311410</keyObject>
<referredKeyID>6F4B7B0D-9688-BF50-150F-9F2375311410</referredKeyID>
<mandatory>true</mandatory>
<refColNames>drug_id</refColNames>
<transferable>true</transferable>
<rely>false</rely>
<columnDependencyConstraintGenerateInDDL>true</columnDependencyConstraintGenerateInDDL>
</FKIndexAssociation>
