<?xml version = '1.0' encoding = 'UTF-8'?>
<FKIndexAssociation class="oracle.dbtools.crest.model.design.relational.FKIndexAssociation" directorySegmentName="seg_0" id="C09E978E-61EA-0F4D-4C8A-21E0E8D0C489" containerWithKeyObject="21CC9A69-6650-7987-2692-5329E1876C53" localFKIndex="FBBCA1C9-4BA3-2E10-A3FE-EA7D796B1B16" name="visit_vs">
<createdBy>kashi</createdBy>
<createdTime>2023-09-12 12:54:48 UTC</createdTime>
<generatorID>0A386A7E-A6F5-4D43-E7EE-8BA2D6B3F59F</generatorID>
<ownerDesignName>pf_oraclemodel</ownerDesignName>
<referredTableLongName>VISIT</referredTableLongName>
<deleteRule>NO ACTION</deleteRule>
<referredTableID>7C37F349-2058-849F-6ED5-8A54E154FA0F</referredTableID>
<keyObject>4E8F1EAB-DEDE-418A-8A6D-3CC4BBD56668</keyObject>
<referredKeyID>4E8F1EAB-DEDE-418A-8A6D-3CC4BBD56668</referredKeyID>
<mandatory>true</mandatory>
<refColNames>visit_id</refColNames>
<transferable>true</transferable>
<rely>false</rely>
<columnDependencyConstraintGenerateInDDL>true</columnDependencyConstraintGenerateInDDL>
</FKIndexAssociation>
